"index","experiment_id","task_type","categorical_scheme","feature_method","n_components","model_name","backend","seed","expected_experiment_dir","experiment_dir","resume_match_type","already_complete","will_run"
1,"EXP001_binary_PCAk10_glmnet_ridge_seed2026","binary","three_stage","PCA",10,"glmnet_ridge","glmnet",2026,"D:/Monte/Monte-Carlo-Method-Project-Group-4/Abalation/Output/binary/experiments/EXP001_binary_PCAk10_glmnet_ridge_seed2026","D:/Monte/Monte-Carlo-Method-Project-Group-4/Abalation/Output/binary/experiments/EXP001_binary_PCAk10_glmnet_ridge_seed2026","exact",TRUE,FALSE
2,"EXP002_binary_PCAk10_glmnet_elasticnet_seed2026","binary","three_stage","PCA",10,"glmnet_elasticnet","glmnet",2026,"D:/Monte/Monte-Carlo-Method-Project-Group-4/Abalation/Output/binary/experiments/EXP002_binary_PCAk10_glmnet_elasticnet_seed2026","D:/Monte/Monte-Carlo-Method-Project-Group-4/Abalation/Output/binary/experiments/EXP002_binary_PCAk10_glmnet_elasticnet_seed2026","exact",TRUE,FALSE
3,"EXP003_binary_PCAk10_glmnet_lasso_seed2026","binary","three_stage","PCA",10,"glmnet_lasso","glmnet",2026,"D:/Monte/Monte-Carlo-Method-Project-Group-4/Abalation/Output/binary/experiments/EXP003_binary_PCAk10_glmnet_lasso_seed2026","D:/Monte/Monte-Carlo-Method-Project-Group-4/Abalation/Output/binary/experiments/EXP003_binary_PCAk10_glmnet_lasso_seed2026","exact",TRUE,FALSE
4,"EXP004_binary_PCAk10_xgboost_seed2026","binary","three_stage","PCA",10,"xgboost","xgboost",2026,"D:/Monte/Monte-Carlo-Method-Project-Group-4/Abalation/Output/binary/experiments/EXP004_binary_PCAk10_xgboost_seed2026","D:/Monte/Monte-Carlo-Method-Project-Group-4/Abalation/Output/binary/experiments/EXP004_binary_PCAk10_xgboost_seed2026","exact",TRUE,FALSE
5,"EXP005_binary_PCAk20_glmnet_ridge_seed2026","binary","three_stage","PCA",20,"glmnet_ridge","glmnet",2026,"D:/Monte/Monte-Carlo-Method-Project-Group-4/Abalation/Output/binary/experiments/EXP005_binary_PCAk20_glmnet_ridge_seed2026","D:/Monte/Monte-Carlo-Method-Project-Group-4/Abalation/Output/binary/experiments/EXP005_binary_PCAk20_glmnet_ridge_seed2026","exact",TRUE,FALSE
6,"EXP006_binary_PCAk20_glmnet_elasticnet_seed2026","binary","three_stage","PCA",20,"glmnet_elasticnet","glmnet",2026,"D:/Monte/Monte-Carlo-Method-Project-Group-4/Abalation/Output/binary/experiments/EXP006_binary_PCAk20_glmnet_elasticnet_seed2026","D:/Monte/Monte-Carlo-Method-Project-Group-4/Abalation/Output/binary/experiments/EXP006_binary_PCAk20_glmnet_elasticnet_seed2026","exact",TRUE,FALSE
7,"EXP007_binary_PCAk20_glmnet_lasso_seed2026","binary","three_stage","PCA",20,"glmnet_lasso","glmnet",2026,"D:/Monte/Monte-Carlo-Method-Project-Group-4/Abalation/Output/binary/experiments/EXP007_binary_PCAk20_glmnet_lasso_seed2026","D:/Monte/Monte-Carlo-Method-Project-Group-4/Abalation/Output/binary/experiments/EXP007_binary_PCAk20_glmnet_lasso_seed2026","exact",TRUE,FALSE
8,"EXP008_binary_PCAk20_xgboost_seed2026","binary","three_stage","PCA",20,"xgboost","xgboost",2026,"D:/Monte/Monte-Carlo-Method-Project-Group-4/Abalation/Output/binary/experiments/EXP008_binary_PCAk20_xgboost_seed2026","D:/Monte/Monte-Carlo-Method-Project-Group-4/Abalation/Output/binary/experiments/EXP008_binary_PCAk20_xgboost_seed2026","exact",TRUE,FALSE
9,"EXP009_binary_PCAk50_glmnet_ridge_seed2026","binary","three_stage","PCA",50,"glmnet_ridge","glmnet",2026,"D:/Monte/Monte-Carlo-Method-Project-Group-4/Abalation/Output/binary/experiments/EXP009_binary_PCAk50_glmnet_ridge_seed2026","D:/Monte/Monte-Carlo-Method-Project-Group-4/Abalation/Output/binary/experiments/EXP009_binary_PCAk50_glmnet_ridge_seed2026","exact",TRUE,FALSE
10,"EXP010_binary_PCAk50_glmnet_elasticnet_seed2026","binary","three_stage","PCA",50,"glmnet_elasticnet","glmnet",2026,"D:/Monte/Monte-Carlo-Method-Project-Group-4/Abalation/Output/binary/experiments/EXP010_binary_PCAk50_glmnet_elasticnet_seed2026","D:/Monte/Monte-Carlo-Method-Project-Group-4/Abalation/Output/binary/experiments/EXP010_binary_PCAk50_glmnet_elasticnet_seed2026","exact",TRUE,FALSE
11,"EXP011_binary_PCAk50_glmnet_lasso_seed2026","binary","three_stage","PCA",50,"glmnet_lasso","glmnet",2026,"D:/Monte/Monte-Carlo-Method-Project-Group-4/Abalation/Output/binary/experiments/EXP011_binary_PCAk50_glmnet_lasso_seed2026","D:/Monte/Monte-Carlo-Method-Project-Group-4/Abalation/Output/binary/experiments/EXP011_binary_PCAk50_glmnet_lasso_seed2026","exact",TRUE,FALSE
12,"EXP012_binary_PCAk50_xgboost_seed2026","binary","three_stage","PCA",50,"xgboost","xgboost",2026,"D:/Monte/Monte-Carlo-Method-Project-Group-4/Abalation/Output/binary/experiments/EXP012_binary_PCAk50_xgboost_seed2026","D:/Monte/Monte-Carlo-Method-Project-Group-4/Abalation/Output/binary/experiments/EXP012_binary_PCAk50_xgboost_seed2026","exact",TRUE,FALSE
13,"EXP013_binary_ICAk10_glmnet_ridge_seed2026","binary","three_stage","ICA",10,"glmnet_ridge","glmnet",2026,"D:/Monte/Monte-Carlo-Method-Project-Group-4/Abalation/Output/binary/experiments/EXP013_binary_ICAk10_glmnet_ridge_seed2026","D:/Monte/Monte-Carlo-Method-Project-Group-4/Abalation/Output/binary/experiments/EXP013_binary_ICAk10_glmnet_ridge_seed2026","exact",TRUE,FALSE
14,"EXP014_binary_ICAk10_glmnet_elasticnet_seed2026","binary","three_stage","ICA",10,"glmnet_elasticnet","glmnet",2026,"D:/Monte/Monte-Carlo-Method-Project-Group-4/Abalation/Output/binary/experiments/EXP014_binary_ICAk10_glmnet_elasticnet_seed2026","D:/Monte/Monte-Carlo-Method-Project-Group-4/Abalation/Output/binary/experiments/EXP014_binary_ICAk10_glmnet_elasticnet_seed2026","exact",TRUE,FALSE
15,"EXP015_binary_ICAk10_glmnet_lasso_seed2026","binary","three_stage","ICA",10,"glmnet_lasso","glmnet",2026,"D:/Monte/Monte-Carlo-Method-Project-Group-4/Abalation/Output/binary/experiments/EXP015_binary_ICAk10_glmnet_lasso_seed2026","D:/Monte/Monte-Carlo-Method-Project-Group-4/Abalation/Output/binary/experiments/EXP015_binary_ICAk10_glmnet_lasso_seed2026","exact",TRUE,FALSE
16,"EXP016_binary_ICAk10_xgboost_seed2026","binary","three_stage","ICA",10,"xgboost","xgboost",2026,"D:/Monte/Monte-Carlo-Method-Project-Group-4/Abalation/Output/binary/experiments/EXP016_binary_ICAk10_xgboost_seed2026","D:/Monte/Monte-Carlo-Method-Project-Group-4/Abalation/Output/binary/experiments/EXP016_binary_ICAk10_xgboost_seed2026","exact",TRUE,FALSE
17,"EXP017_binary_ICAk20_glmnet_ridge_seed2026","binary","three_stage","ICA",20,"glmnet_ridge","glmnet",2026,"D:/Monte/Monte-Carlo-Method-Project-Group-4/Abalation/Output/binary/experiments/EXP017_binary_ICAk20_glmnet_ridge_seed2026","D:/Monte/Monte-Carlo-Method-Project-Group-4/Abalation/Output/binary/experiments/EXP017_binary_ICAk20_glmnet_ridge_seed2026","exact",TRUE,FALSE
18,"EXP018_binary_ICAk20_glmnet_elasticnet_seed2026","binary","three_stage","ICA",20,"glmnet_elasticnet","glmnet",2026,"D:/Monte/Monte-Carlo-Method-Project-Group-4/Abalation/Output/binary/experiments/EXP018_binary_ICAk20_glmnet_elasticnet_seed2026","D:/Monte/Monte-Carlo-Method-Project-Group-4/Abalation/Output/binary/experiments/EXP018_binary_ICAk20_glmnet_elasticnet_seed2026","exact",TRUE,FALSE
19,"EXP019_binary_ICAk20_glmnet_lasso_seed2026","binary","three_stage","ICA",20,"glmnet_lasso","glmnet",2026,"D:/Monte/Monte-Carlo-Method-Project-Group-4/Abalation/Output/binary/experiments/EXP019_binary_ICAk20_glmnet_lasso_seed2026","D:/Monte/Monte-Carlo-Method-Project-Group-4/Abalation/Output/binary/experiments/EXP019_binary_ICAk20_glmnet_lasso_seed2026","exact",TRUE,FALSE
20,"EXP020_binary_ICAk20_xgboost_seed2026","binary","three_stage","ICA",20,"xgboost","xgboost",2026,"D:/Monte/Monte-Carlo-Method-Project-Group-4/Abalation/Output/binary/experiments/EXP020_binary_ICAk20_xgboost_seed2026","D:/Monte/Monte-Carlo-Method-Project-Group-4/Abalation/Output/binary/experiments/EXP020_binary_ICAk20_xgboost_seed2026","exact",TRUE,FALSE
21,"EXP021_binary_ICAk50_glmnet_ridge_seed2026","binary","three_stage","ICA",50,"glmnet_ridge","glmnet",2026,"D:/Monte/Monte-Carlo-Method-Project-Group-4/Abalation/Output/binary/experiments/EXP021_binary_ICAk50_glmnet_ridge_seed2026","D:/Monte/Monte-Carlo-Method-Project-Group-4/Abalation/Output/binary/experiments/EXP021_binary_ICAk50_glmnet_ridge_seed2026","exact",TRUE,FALSE
22,"EXP022_binary_ICAk50_glmnet_elasticnet_seed2026","binary","three_stage","ICA",50,"glmnet_elasticnet","glmnet",2026,"D:/Monte/Monte-Carlo-Method-Project-Group-4/Abalation/Output/binary/experiments/EXP022_binary_ICAk50_glmnet_elasticnet_seed2026","D:/Monte/Monte-Carlo-Method-Project-Group-4/Abalation/Output/binary/experiments/EXP022_binary_ICAk50_glmnet_elasticnet_seed2026","exact",TRUE,FALSE
23,"EXP023_binary_ICAk50_glmnet_lasso_seed2026","binary","three_stage","ICA",50,"glmnet_lasso","glmnet",2026,"D:/Monte/Monte-Carlo-Method-Project-Group-4/Abalation/Output/binary/experiments/EXP023_binary_ICAk50_glmnet_lasso_seed2026","D:/Monte/Monte-Carlo-Method-Project-Group-4/Abalation/Output/binary/experiments/EXP023_binary_ICAk50_glmnet_lasso_seed2026","exact",TRUE,FALSE
24,"EXP024_binary_ICAk50_xgboost_seed2026","binary","three_stage","ICA",50,"xgboost","xgboost",2026,"D:/Monte/Monte-Carlo-Method-Project-Group-4/Abalation/Output/binary/experiments/EXP024_binary_ICAk50_xgboost_seed2026","D:/Monte/Monte-Carlo-Method-Project-Group-4/Abalation/Output/binary/experiments/EXP024_binary_ICAk50_xgboost_seed2026","exact",TRUE,FALSE
25,"EXP025_binary_NMFk10_glmnet_ridge_seed2026","binary","three_stage","NMF",10,"glmnet_ridge","glmnet",2026,"D:/Monte/Monte-Carlo-Method-Project-Group-4/Abalation/Output/binary/experiments/EXP025_binary_NMFk10_glmnet_ridge_seed2026","D:/Monte/Monte-Carlo-Method-Project-Group-4/Abalation/Output/binary/experiments/EXP025_binary_NMFk10_glmnet_ridge_seed2026","matched_but_incomplete",FALSE,TRUE
26,"EXP026_binary_NMFk10_glmnet_elasticnet_seed2026","binary","three_stage","NMF",10,"glmnet_elasticnet","glmnet",2026,"D:/Monte/Monte-Carlo-Method-Project-Group-4/Abalation/Output/binary/experiments/EXP026_binary_NMFk10_glmnet_elasticnet_seed2026","D:/Monte/Monte-Carlo-Method-Project-Group-4/Abalation/Output/binary/experiments/EXP026_binary_NMFk10_glmnet_elasticnet_seed2026","none",FALSE,TRUE
27,"EXP027_binary_NMFk10_glmnet_lasso_seed2026","binary","three_stage","NMF",10,"glmnet_lasso","glmnet",2026,"D:/Monte/Monte-Carlo-Method-Project-Group-4/Abalation/Output/binary/experiments/EXP027_binary_NMFk10_glmnet_lasso_seed2026","D:/Monte/Monte-Carlo-Method-Project-Group-4/Abalation/Output/binary/experiments/EXP027_binary_NMFk10_glmnet_lasso_seed2026","none",FALSE,TRUE
28,"EXP028_binary_NMFk10_xgboost_seed2026","binary","three_stage","NMF",10,"xgboost","xgboost",2026,"D:/Monte/Monte-Carlo-Method-Project-Group-4/Abalation/Output/binary/experiments/EXP028_binary_NMFk10_xgboost_seed2026","D:/Monte/Monte-Carlo-Method-Project-Group-4/Abalation/Output/binary/experiments/EXP028_binary_NMFk10_xgboost_seed2026","none",FALSE,TRUE
29,"EXP029_binary_NMFk20_glmnet_ridge_seed2026","binary","three_stage","NMF",20,"glmnet_ridge","glmnet",2026,"D:/Monte/Monte-Carlo-Method-Project-Group-4/Abalation/Output/binary/experiments/EXP029_binary_NMFk20_glmnet_ridge_seed2026","D:/Monte/Monte-Carlo-Method-Project-Group-4/Abalation/Output/binary/experiments/EXP029_binary_NMFk20_glmnet_ridge_seed2026","none",FALSE,TRUE
30,"EXP030_binary_NMFk20_glmnet_elasticnet_seed2026","binary","three_stage","NMF",20,"glmnet_elasticnet","glmnet",2026,"D:/Monte/Monte-Carlo-Method-Project-Group-4/Abalation/Output/binary/experiments/EXP030_binary_NMFk20_glmnet_elasticnet_seed2026","D:/Monte/Monte-Carlo-Method-Project-Group-4/Abalation/Output/binary/experiments/EXP030_binary_NMFk20_glmnet_elasticnet_seed2026","none",FALSE,TRUE
31,"EXP031_binary_NMFk20_glmnet_lasso_seed2026","binary","three_stage","NMF",20,"glmnet_lasso","glmnet",2026,"D:/Monte/Monte-Carlo-Method-Project-Group-4/Abalation/Output/binary/experiments/EXP031_binary_NMFk20_glmnet_lasso_seed2026","D:/Monte/Monte-Carlo-Method-Project-Group-4/Abalation/Output/binary/experiments/EXP031_binary_NMFk20_glmnet_lasso_seed2026","none",FALSE,TRUE
32,"EXP032_binary_NMFk20_xgboost_seed2026","binary","three_stage","NMF",20,"xgboost","xgboost",2026,"D:/Monte/Monte-Carlo-Method-Project-Group-4/Abalation/Output/binary/experiments/EXP032_binary_NMFk20_xgboost_seed2026","D:/Monte/Monte-Carlo-Method-Project-Group-4/Abalation/Output/binary/experiments/EXP032_binary_NMFk20_xgboost_seed2026","none",FALSE,TRUE
33,"EXP033_binary_NMFk50_glmnet_ridge_seed2026","binary","three_stage","NMF",50,"glmnet_ridge","glmnet",2026,"D:/Monte/Monte-Carlo-Method-Project-Group-4/Abalation/Output/binary/experiments/EXP033_binary_NMFk50_glmnet_ridge_seed2026","D:/Monte/Monte-Carlo-Method-Project-Group-4/Abalation/Output/binary/experiments/EXP033_binary_NMFk50_glmnet_ridge_seed2026","none",FALSE,TRUE
34,"EXP034_binary_NMFk50_glmnet_elasticnet_seed2026","binary","three_stage","NMF",50,"glmnet_elasticnet","glmnet",2026,"D:/Monte/Monte-Carlo-Method-Project-Group-4/Abalation/Output/binary/experiments/EXP034_binary_NMFk50_glmnet_elasticnet_seed2026","D:/Monte/Monte-Carlo-Method-Project-Group-4/Abalation/Output/binary/experiments/EXP034_binary_NMFk50_glmnet_elasticnet_seed2026","none",FALSE,TRUE
35,"EXP035_binary_NMFk50_glmnet_lasso_seed2026","binary","three_stage","NMF",50,"glmnet_lasso","glmnet",2026,"D:/Monte/Monte-Carlo-Method-Project-Group-4/Abalation/Output/binary/experiments/EXP035_binary_NMFk50_glmnet_lasso_seed2026","D:/Monte/Monte-Carlo-Method-Project-Group-4/Abalation/Output/binary/experiments/EXP035_binary_NMFk50_glmnet_lasso_seed2026","none",FALSE,TRUE
36,"EXP036_binary_NMFk50_xgboost_seed2026","binary","three_stage","NMF",50,"xgboost","xgboost",2026,"D:/Monte/Monte-Carlo-Method-Project-Group-4/Abalation/Output/binary/experiments/EXP036_binary_NMFk50_xgboost_seed2026","D:/Monte/Monte-Carlo-Method-Project-Group-4/Abalation/Output/binary/experiments/EXP036_binary_NMFk50_xgboost_seed2026","none",FALSE,TRUE
37,"EXP037_categorical_three_stage_PCAk10_glmnet_ridge_seed2026","categorical","three_stage","PCA",10,"glmnet_ridge","glmnet",2026,"D:/Monte/Monte-Carlo-Method-Project-Group-4/Abalation/Output/categorical/experiments/EXP037_categorical_three_stage_PCAk10_glmnet_ridge_seed2026","D:/Monte/Monte-Carlo-Method-Project-Group-4/Abalation/Output/categorical/experiments/EXP025_categorical_three_stage_PCAk10_glmnet_ridge_seed2026","suffix",TRUE,FALSE
38,"EXP038_categorical_three_stage_PCAk10_glmnet_elasticnet_seed2026","categorical","three_stage","PCA",10,"glmnet_elasticnet","glmnet",2026,"D:/Monte/Monte-Carlo-Method-Project-Group-4/Abalation/Output/categorical/experiments/EXP038_categorical_three_stage_PCAk10_glmnet_elasticnet_seed2026","D:/Monte/Monte-Carlo-Method-Project-Group-4/Abalation/Output/categorical/experiments/EXP026_categorical_three_stage_PCAk10_glmnet_elasticnet_seed2026","suffix",TRUE,FALSE
39,"EXP039_categorical_three_stage_PCAk10_glmnet_lasso_seed2026","categorical","three_stage","PCA",10,"glmnet_lasso","glmnet",2026,"D:/Monte/Monte-Carlo-Method-Project-Group-4/Abalation/Output/categorical/experiments/EXP039_categorical_three_stage_PCAk10_glmnet_lasso_seed2026","D:/Monte/Monte-Carlo-Method-Project-Group-4/Abalation/Output/categorical/experiments/EXP027_categorical_three_stage_PCAk10_glmnet_lasso_seed2026","suffix",TRUE,FALSE
40,"EXP040_categorical_three_stage_PCAk10_xgboost_seed2026","categorical","three_stage","PCA",10,"xgboost","xgboost",2026,"D:/Monte/Monte-Carlo-Method-Project-Group-4/Abalation/Output/categorical/experiments/EXP040_categorical_three_stage_PCAk10_xgboost_seed2026","D:/Monte/Monte-Carlo-Method-Project-Group-4/Abalation/Output/categorical/experiments/EXP028_categorical_three_stage_PCAk10_xgboost_seed2026","suffix",TRUE,FALSE
41,"EXP041_categorical_three_stage_PCAk20_glmnet_ridge_seed2026","categorical","three_stage","PCA",20,"glmnet_ridge","glmnet",2026,"D:/Monte/Monte-Carlo-Method-Project-Group-4/Abalation/Output/categorical/experiments/EXP041_categorical_three_stage_PCAk20_glmnet_ridge_seed2026","D:/Monte/Monte-Carlo-Method-Project-Group-4/Abalation/Output/categorical/experiments/EXP029_categorical_three_stage_PCAk20_glmnet_ridge_seed2026","suffix",TRUE,FALSE
42,"EXP042_categorical_three_stage_PCAk20_glmnet_elasticnet_seed2026","categorical","three_stage","PCA",20,"glmnet_elasticnet","glmnet",2026,"D:/Monte/Monte-Carlo-Method-Project-Group-4/Abalation/Output/categorical/experiments/EXP042_categorical_three_stage_PCAk20_glmnet_elasticnet_seed2026","D:/Monte/Monte-Carlo-Method-Project-Group-4/Abalation/Output/categorical/experiments/EXP030_categorical_three_stage_PCAk20_glmnet_elasticnet_seed2026","suffix",TRUE,FALSE
43,"EXP043_categorical_three_stage_PCAk20_glmnet_lasso_seed2026","categorical","three_stage","PCA",20,"glmnet_lasso","glmnet",2026,"D:/Monte/Monte-Carlo-Method-Project-Group-4/Abalation/Output/categorical/experiments/EXP043_categorical_three_stage_PCAk20_glmnet_lasso_seed2026","D:/Monte/Monte-Carlo-Method-Project-Group-4/Abalation/Output/categorical/experiments/EXP031_categorical_three_stage_PCAk20_glmnet_lasso_seed2026","suffix",TRUE,FALSE
44,"EXP044_categorical_three_stage_PCAk20_xgboost_seed2026","categorical","three_stage","PCA",20,"xgboost","xgboost",2026,"D:/Monte/Monte-Carlo-Method-Project-Group-4/Abalation/Output/categorical/experiments/EXP044_categorical_three_stage_PCAk20_xgboost_seed2026","D:/Monte/Monte-Carlo-Method-Project-Group-4/Abalation/Output/categorical/experiments/EXP032_categorical_three_stage_PCAk20_xgboost_seed2026","suffix",TRUE,FALSE
45,"EXP045_categorical_three_stage_PCAk50_glmnet_ridge_seed2026","categorical","three_stage","PCA",50,"glmnet_ridge","glmnet",2026,"D:/Monte/Monte-Carlo-Method-Project-Group-4/Abalation/Output/categorical/experiments/EXP045_categorical_three_stage_PCAk50_glmnet_ridge_seed2026","D:/Monte/Monte-Carlo-Method-Project-Group-4/Abalation/Output/categorical/experiments/EXP033_categorical_three_stage_PCAk50_glmnet_ridge_seed2026","suffix",TRUE,FALSE
46,"EXP046_categorical_three_stage_PCAk50_glmnet_elasticnet_seed2026","categorical","three_stage","PCA",50,"glmnet_elasticnet","glmnet",2026,"D:/Monte/Monte-Carlo-Method-Project-Group-4/Abalation/Output/categorical/experiments/EXP046_categorical_three_stage_PCAk50_glmnet_elasticnet_seed2026","D:/Monte/Monte-Carlo-Method-Project-Group-4/Abalation/Output/categorical/experiments/EXP034_categorical_three_stage_PCAk50_glmnet_elasticnet_seed2026","suffix",TRUE,FALSE
47,"EXP047_categorical_three_stage_PCAk50_glmnet_lasso_seed2026","categorical","three_stage","PCA",50,"glmnet_lasso","glmnet",2026,"D:/Monte/Monte-Carlo-Method-Project-Group-4/Abalation/Output/categorical/experiments/EXP047_categorical_three_stage_PCAk50_glmnet_lasso_seed2026","D:/Monte/Monte-Carlo-Method-Project-Group-4/Abalation/Output/categorical/experiments/EXP035_categorical_three_stage_PCAk50_glmnet_lasso_seed2026","suffix",TRUE,FALSE
48,"EXP048_categorical_three_stage_PCAk50_xgboost_seed2026","categorical","three_stage","PCA",50,"xgboost","xgboost",2026,"D:/Monte/Monte-Carlo-Method-Project-Group-4/Abalation/Output/categorical/experiments/EXP048_categorical_three_stage_PCAk50_xgboost_seed2026","D:/Monte/Monte-Carlo-Method-Project-Group-4/Abalation/Output/categorical/experiments/EXP036_categorical_three_stage_PCAk50_xgboost_seed2026","suffix",TRUE,FALSE
49,"EXP049_categorical_three_stage_ICAk10_glmnet_ridge_seed2026","categorical","three_stage","ICA",10,"glmnet_ridge","glmnet",2026,"D:/Monte/Monte-Carlo-Method-Project-Group-4/Abalation/Output/categorical/experiments/EXP049_categorical_three_stage_ICAk10_glmnet_ridge_seed2026","D:/Monte/Monte-Carlo-Method-Project-Group-4/Abalation/Output/categorical/experiments/EXP037_categorical_three_stage_ICAk10_glmnet_ridge_seed2026","suffix",TRUE,FALSE
50,"EXP050_categorical_three_stage_ICAk10_glmnet_elasticnet_seed2026","categorical","three_stage","ICA",10,"glmnet_elasticnet","glmnet",2026,"D:/Monte/Monte-Carlo-Method-Project-Group-4/Abalation/Output/categorical/experiments/EXP050_categorical_three_stage_ICAk10_glmnet_elasticnet_seed2026","D:/Monte/Monte-Carlo-Method-Project-Group-4/Abalation/Output/categorical/experiments/EXP038_categorical_three_stage_ICAk10_glmnet_elasticnet_seed2026","suffix",TRUE,FALSE
51,"EXP051_categorical_three_stage_ICAk10_glmnet_lasso_seed2026","categorical","three_stage","ICA",10,"glmnet_lasso","glmnet",2026,"D:/Monte/Monte-Carlo-Method-Project-Group-4/Abalation/Output/categorical/experiments/EXP051_categorical_three_stage_ICAk10_glmnet_lasso_seed2026","D:/Monte/Monte-Carlo-Method-Project-Group-4/Abalation/Output/categorical/experiments/EXP039_categorical_three_stage_ICAk10_glmnet_lasso_seed2026","suffix",TRUE,FALSE
52,"EXP052_categorical_three_stage_ICAk10_xgboost_seed2026","categorical","three_stage","ICA",10,"xgboost","xgboost",2026,"D:/Monte/Monte-Carlo-Method-Project-Group-4/Abalation/Output/categorical/experiments/EXP052_categorical_three_stage_ICAk10_xgboost_seed2026","D:/Monte/Monte-Carlo-Method-Project-Group-4/Abalation/Output/categorical/experiments/EXP040_categorical_three_stage_ICAk10_xgboost_seed2026","suffix",TRUE,FALSE
53,"EXP053_categorical_three_stage_ICAk20_glmnet_ridge_seed2026","categorical","three_stage","ICA",20,"glmnet_ridge","glmnet",2026,"D:/Monte/Monte-Carlo-Method-Project-Group-4/Abalation/Output/categorical/experiments/EXP053_categorical_three_stage_ICAk20_glmnet_ridge_seed2026","D:/Monte/Monte-Carlo-Method-Project-Group-4/Abalation/Output/categorical/experiments/EXP041_categorical_three_stage_ICAk20_glmnet_ridge_seed2026","suffix",TRUE,FALSE
54,"EXP054_categorical_three_stage_ICAk20_glmnet_elasticnet_seed2026","categorical","three_stage","ICA",20,"glmnet_elasticnet","glmnet",2026,"D:/Monte/Monte-Carlo-Method-Project-Group-4/Abalation/Output/categorical/experiments/EXP054_categorical_three_stage_ICAk20_glmnet_elasticnet_seed2026","D:/Monte/Monte-Carlo-Method-Project-Group-4/Abalation/Output/categorical/experiments/EXP042_categorical_three_stage_ICAk20_glmnet_elasticnet_seed2026","suffix",TRUE,FALSE
55,"EXP055_categorical_three_stage_ICAk20_glmnet_lasso_seed2026","categorical","three_stage","ICA",20,"glmnet_lasso","glmnet",2026,"D:/Monte/Monte-Carlo-Method-Project-Group-4/Abalation/Output/categorical/experiments/EXP055_categorical_three_stage_ICAk20_glmnet_lasso_seed2026","D:/Monte/Monte-Carlo-Method-Project-Group-4/Abalation/Output/categorical/experiments/EXP043_categorical_three_stage_ICAk20_glmnet_lasso_seed2026","suffix",TRUE,FALSE
56,"EXP056_categorical_three_stage_ICAk20_xgboost_seed2026","categorical","three_stage","ICA",20,"xgboost","xgboost",2026,"D:/Monte/Monte-Carlo-Method-Project-Group-4/Abalation/Output/categorical/experiments/EXP056_categorical_three_stage_ICAk20_xgboost_seed2026","D:/Monte/Monte-Carlo-Method-Project-Group-4/Abalation/Output/categorical/experiments/EXP044_categorical_three_stage_ICAk20_xgboost_seed2026","suffix",TRUE,FALSE
57,"EXP057_categorical_three_stage_ICAk50_glmnet_ridge_seed2026","categorical","three_stage","ICA",50,"glmnet_ridge","glmnet",2026,"D:/Monte/Monte-Carlo-Method-Project-Group-4/Abalation/Output/categorical/experiments/EXP057_categorical_three_stage_ICAk50_glmnet_ridge_seed2026","D:/Monte/Monte-Carlo-Method-Project-Group-4/Abalation/Output/categorical/experiments/EXP045_categorical_three_stage_ICAk50_glmnet_ridge_seed2026","suffix",TRUE,FALSE
58,"EXP058_categorical_three_stage_ICAk50_glmnet_elasticnet_seed2026","categorical","three_stage","ICA",50,"glmnet_elasticnet","glmnet",2026,"D:/Monte/Monte-Carlo-Method-Project-Group-4/Abalation/Output/categorical/experiments/EXP058_categorical_three_stage_ICAk50_glmnet_elasticnet_seed2026","D:/Monte/Monte-Carlo-Method-Project-Group-4/Abalation/Output/categorical/experiments/EXP046_categorical_three_stage_ICAk50_glmnet_elasticnet_seed2026","suffix",TRUE,FALSE
59,"EXP059_categorical_three_stage_ICAk50_glmnet_lasso_seed2026","categorical","three_stage","ICA",50,"glmnet_lasso","glmnet",2026,"D:/Monte/Monte-Carlo-Method-Project-Group-4/Abalation/Output/categorical/experiments/EXP059_categorical_three_stage_ICAk50_glmnet_lasso_seed2026","D:/Monte/Monte-Carlo-Method-Project-Group-4/Abalation/Output/categorical/experiments/EXP047_categorical_three_stage_ICAk50_glmnet_lasso_seed2026","suffix",TRUE,FALSE
60,"EXP060_categorical_three_stage_ICAk50_xgboost_seed2026","categorical","three_stage","ICA",50,"xgboost","xgboost",2026,"D:/Monte/Monte-Carlo-Method-Project-Group-4/Abalation/Output/categorical/experiments/EXP060_categorical_three_stage_ICAk50_xgboost_seed2026","D:/Monte/Monte-Carlo-Method-Project-Group-4/Abalation/Output/categorical/experiments/EXP048_categorical_three_stage_ICAk50_xgboost_seed2026","suffix",TRUE,FALSE
61,"EXP061_categorical_three_stage_NMFk10_glmnet_ridge_seed2026","categorical","three_stage","NMF",10,"glmnet_ridge","glmnet",2026,"D:/Monte/Monte-Carlo-Method-Project-Group-4/Abalation/Output/categorical/experiments/EXP061_categorical_three_stage_NMFk10_glmnet_ridge_seed2026","D:/Monte/Monte-Carlo-Method-Project-Group-4/Abalation/Output/categorical/experiments/EXP061_categorical_three_stage_NMFk10_glmnet_ridge_seed2026","none",FALSE,TRUE
62,"EXP062_categorical_three_stage_NMFk10_glmnet_elasticnet_seed2026","categorical","three_stage","NMF",10,"glmnet_elasticnet","glmnet",2026,"D:/Monte/Monte-Carlo-Method-Project-Group-4/Abalation/Output/categorical/experiments/EXP062_categorical_three_stage_NMFk10_glmnet_elasticnet_seed2026","D:/Monte/Monte-Carlo-Method-Project-Group-4/Abalation/Output/categorical/experiments/EXP062_categorical_three_stage_NMFk10_glmnet_elasticnet_seed2026","none",FALSE,TRUE
63,"EXP063_categorical_three_stage_NMFk10_glmnet_lasso_seed2026","categorical","three_stage","NMF",10,"glmnet_lasso","glmnet",2026,"D:/Monte/Monte-Carlo-Method-Project-Group-4/Abalation/Output/categorical/experiments/EXP063_categorical_three_stage_NMFk10_glmnet_lasso_seed2026","D:/Monte/Monte-Carlo-Method-Project-Group-4/Abalation/Output/categorical/experiments/EXP063_categorical_three_stage_NMFk10_glmnet_lasso_seed2026","none",FALSE,TRUE
64,"EXP064_categorical_three_stage_NMFk10_xgboost_seed2026","categorical","three_stage","NMF",10,"xgboost","xgboost",2026,"D:/Monte/Monte-Carlo-Method-Project-Group-4/Abalation/Output/categorical/experiments/EXP064_categorical_three_stage_NMFk10_xgboost_seed2026","D:/Monte/Monte-Carlo-Method-Project-Group-4/Abalation/Output/categorical/experiments/EXP064_categorical_three_stage_NMFk10_xgboost_seed2026","none",FALSE,TRUE
65,"EXP065_categorical_three_stage_NMFk20_glmnet_ridge_seed2026","categorical","three_stage","NMF",20,"glmnet_ridge","glmnet",2026,"D:/Monte/Monte-Carlo-Method-Project-Group-4/Abalation/Output/categorical/experiments/EXP065_categorical_three_stage_NMFk20_glmnet_ridge_seed2026","D:/Monte/Monte-Carlo-Method-Project-Group-4/Abalation/Output/categorical/experiments/EXP065_categorical_three_stage_NMFk20_glmnet_ridge_seed2026","none",FALSE,TRUE
66,"EXP066_categorical_three_stage_NMFk20_glmnet_elasticnet_seed2026","categorical","three_stage","NMF",20,"glmnet_elasticnet","glmnet",2026,"D:/Monte/Monte-Carlo-Method-Project-Group-4/Abalation/Output/categorical/experiments/EXP066_categorical_three_stage_NMFk20_glmnet_elasticnet_seed2026","D:/Monte/Monte-Carlo-Method-Project-Group-4/Abalation/Output/categorical/experiments/EXP066_categorical_three_stage_NMFk20_glmnet_elasticnet_seed2026","none",FALSE,TRUE
67,"EXP067_categorical_three_stage_NMFk20_glmnet_lasso_seed2026","categorical","three_stage","NMF",20,"glmnet_lasso","glmnet",2026,"D:/Monte/Monte-Carlo-Method-Project-Group-4/Abalation/Output/categorical/experiments/EXP067_categorical_three_stage_NMFk20_glmnet_lasso_seed2026","D:/Monte/Monte-Carlo-Method-Project-Group-4/Abalation/Output/categorical/experiments/EXP067_categorical_three_stage_NMFk20_glmnet_lasso_seed2026","none",FALSE,TRUE
68,"EXP068_categorical_three_stage_NMFk20_xgboost_seed2026","categorical","three_stage","NMF",20,"xgboost","xgboost",2026,"D:/Monte/Monte-Carlo-Method-Project-Group-4/Abalation/Output/categorical/experiments/EXP068_categorical_three_stage_NMFk20_xgboost_seed2026","D:/Monte/Monte-Carlo-Method-Project-Group-4/Abalation/Output/categorical/experiments/EXP068_categorical_three_stage_NMFk20_xgboost_seed2026","none",FALSE,TRUE
69,"EXP069_categorical_three_stage_NMFk50_glmnet_ridge_seed2026","categorical","three_stage","NMF",50,"glmnet_ridge","glmnet",2026,"D:/Monte/Monte-Carlo-Method-Project-Group-4/Abalation/Output/categorical/experiments/EXP069_categorical_three_stage_NMFk50_glmnet_ridge_seed2026","D:/Monte/Monte-Carlo-Method-Project-Group-4/Abalation/Output/categorical/experiments/EXP069_categorical_three_stage_NMFk50_glmnet_ridge_seed2026","none",FALSE,TRUE
70,"EXP070_categorical_three_stage_NMFk50_glmnet_elasticnet_seed2026","categorical","three_stage","NMF",50,"glmnet_elasticnet","glmnet",2026,"D:/Monte/Monte-Carlo-Method-Project-Group-4/Abalation/Output/categorical/experiments/EXP070_categorical_three_stage_NMFk50_glmnet_elasticnet_seed2026","D:/Monte/Monte-Carlo-Method-Project-Group-4/Abalation/Output/categorical/experiments/EXP070_categorical_three_stage_NMFk50_glmnet_elasticnet_seed2026","none",FALSE,TRUE
71,"EXP071_categorical_three_stage_NMFk50_glmnet_lasso_seed2026","categorical","three_stage","NMF",50,"glmnet_lasso","glmnet",2026,"D:/Monte/Monte-Carlo-Method-Project-Group-4/Abalation/Output/categorical/experiments/EXP071_categorical_three_stage_NMFk50_glmnet_lasso_seed2026","D:/Monte/Monte-Carlo-Method-Project-Group-4/Abalation/Output/categorical/experiments/EXP071_categorical_three_stage_NMFk50_glmnet_lasso_seed2026","none",FALSE,TRUE
72,"EXP072_categorical_three_stage_NMFk50_xgboost_seed2026","categorical","three_stage","NMF",50,"xgboost","xgboost",2026,"D:/Monte/Monte-Carlo-Method-Project-Group-4/Abalation/Output/categorical/experiments/EXP072_categorical_three_stage_NMFk50_xgboost_seed2026","D:/Monte/Monte-Carlo-Method-Project-Group-4/Abalation/Output/categorical/experiments/EXP072_categorical_three_stage_NMFk50_xgboost_seed2026","none",FALSE,TRUE
